Latein;Deutsche Übersetzung;Wortart;Lektion
acer, acris, acre, Gen. acris;heftig, hart, scharf;Adjektiv;15
adversus, adversa, adversum;ungünstig, widrig, feindlich;Adjektiv;13
aequus, aequa, aequum;gleich, angemessen, gerecht;Adjektiv;8
aeternus, aeterna, aeternum;ewig;Adjektiv;37
alienus, aliena, alienum;fremd;Adjektiv;18
alii … alii …;die einen … (die) andere(n) ...;Adjektiv;6
alius, alia, aliud, Gen. alterius, Dat. alii;ein anderer;Adjektiv;6
alter, altera, alterum, Gen. alterius, Dat. alteri;der eine, der andere (von zweien);Adjektiv;24
altus, alta, altum;hoch, tief;Adjektiv;13
ambitiosus, -a, -um;ehrgeizig;Adjektiv;I 09
amplus, ampla, amplum;groß(artig), bedeutend, angesehen;Adjektiv;35
angustus, angusta, angustum;eng, schwierig;Adjektiv;26
apertus, aperta, apertum;offen;Adjektiv;40
armatus, armata, armatum;bewaffnet;Adjektiv;32
asper, aspera, asperum;hart, grob, beleidigend;Adjektiv;9
ater, atra, atrum;schwarz, düster;Adjektiv;40
aureus, aurea, aureum;golden, aus Gold;Adjektiv;31
barbarus, barbara, barbarum;barbarisch, wild, Subst. der Barbar, der Nichtrömer, der Nichtgrieche;Adjektiv;10
beatus, beata, beatum;glücklich, reich;Adjektiv;35
bellus, bella, bellum;hübsch, schön;Adjektiv;8
blandus, blanda, blandum;schmeichlerisch, zärtlich;Adjektiv;22
bonus, bona, bonum;gut, tüchtig;Adjektiv;9
brevis, brevis, breve, Gen. brevis;kurz;Adjektiv;15
carus, cara, carum;lieb, teuer;Adjektiv;36
celer, celeris, celere, Gen. celeris;schnell;Adjektiv;33
centesimus, centesima, centesimum;der hundertste;Adjektiv;I 06
certus, certa, certum;sicher, gewiss, bestimmt, zuverlässig;Adjektiv;32
ceteri, ceterae, cetera;die Übrigen;Adjektiv;11
clarus, clara, clarum;hell, klar, berühmt;Adjektiv;29
clemens, clemens, clemens, Gen. clementis;sanft, mild;Adjektiv;19
communis, communis, commune, Gen. communis;gemeinsam, allgemein, öffentlich;Adjektiv;39
complures, complures, complura, Gen. complurium;einige, ziemlich viele;Adjektiv;39
copiosus, copiosa, copiosum;wohlhabend, reich;Adjektiv;I 09
crudelis, crudelis, crudele, Gen. crudelis;grausam;Adjektiv;23
cuncti, cunctae, cuncta;alle;Adjektiv;8
cupidus, cupida, cupidum (m. Gen.);(be)gierig (nach);Adjektiv;40
decimus, decima, decimum;der zehnte;Adjektiv;20
densus, densa, densum;dicht (gedrängt);Adjektiv;40
dexter, dext(e)ra, dext(e)rum;rechts, Subst. die rechte Hand/Seite;Adjektiv;9
difficilis, difficilis, difficile, Gen. difficilis;schwierig, abweisend;Adjektiv;16
dignus, digna, dignum (m. Abl.);(einer Sache/Person) würdig, angemessen;Adjektiv;10
diligens, diligens, diligens, Gen. diligentis;gewissenhaft, sorgfältig;Adjektiv;26
dives, dives, dives, Gen. divitis, Abl. Sg. divite, Nom./Akk. Pl. n divita, Gen. Pl. divitum;reich;Adjektiv;39
dulcis, dulcis, dulce, Gen.: dulcis;süß, angenehm, lieb(lich);Adjektiv;I 07
durus, dura, durum;hart, hartherzig;Adjektiv;9
egregius, egregia, egregium;hervorragend, ausgezeichnet;Adjektiv;17
extremus, extrema, extremum;der äußerste;Adjektiv;36
facilis, facilis, facile, Gen. facilis;leicht, umgänglich;Adjektiv;15
falsus, falsa, falsum (Adv. falso);falsch;Adjektiv;37
familiaris, familiaris, familiare, Gen. familiaris;vertraut, freundschaftlich, Subst. der Freund;Adjektiv;29
famosus, famosa, famosum;viebesprochen, berüchtigt;Adjektiv;I 09
felix, felix, felix, Gen. felicis;glücklich, vom Glück begünstigt;Adjektiv;15
fidus, fida, fidum;treu, treu ergeben;Adjektiv;32
finitimus, finitima, finitimum;benachbart, Subst. der (Grenz-)Nachbar;Adjektiv;37
formosus, formosa, formosum;schön;Adjektiv;I 09
fortis, fortis, forte, Gen.: fortis;tapfer, mutig, kräftig;Adjektiv;26
frequens, frequens, frequens, Gen. frequentis;zahlreich, häufig;Adjektiv;36
frigidus, frigida, frigidum;kalt;Adjektiv;36
gloriosus, gloriosa, gloriosum;ruhmreich, ehrenvoll;Adjektiv;I 09
gravis, gravis, grave, Gen. gravis;schwer, wichtig, ernst;Adjektiv;15
humanus, humana, humanum;menschlich, gebildet;Adjektiv;10
humilis, humilis, humile, Gen. humilis;niedrig (gestellt), unterwürfig, demütig;Adjektiv;38
idoneus, idonea, idoneum;geeignet, fähig;Adjektiv;19
illustris, illustris, illustre, Gen. illustris;glänzend, berühmt;Adjektiv;37
incertus, incerta, incertum;unsicher, ungewiss, unschlüssig;Adjektiv;21
incolumis, incolumis, incolume, Gen. incolumis;unverletzt, heil;Adjektiv;22
inferior, inferior, inferius, Gen. inferioris;geringer, schwächer, unter (jmdm.) stehend;Adjektiv;38
ingeniosus, ingeniosa, ingeniosum;geschickt, begabt, erfindungsreich;Adjektiv;I 09
ingens, ingens, ingens, Gen. ingentis;gewaltig, ungeheuer;Adjektiv;17
inhumanus, inhumana, inhumanum;unmenschlich;Adjektiv;13
inimicus, inimica, inimicum;feindlich, Subst. der Feind;Adjektiv;25
innocens, innocens, innocens, Gen. innocentis;unschuldig;Adjektiv;35
iratus, irata, iratum;zornig, wütend;Adjektiv;24
iucundus, iucunda, iucundum;angenehm, erfreulich, liebenswürdig;Adjektiv;7
iustus, iusta, iustum;gerecht, gebührend, richtig;Adjektiv;35
laboriosus, laboriosa, laboriosum;arbeitsam, mühselig, beschwerlich;Adjektiv;I 09
laetus, laeta, laetum;froh, fröhlich;Adjektiv;6
latus, lata, latum;breit, weit;Adjektiv;40
libens, libens, libens, Gen. libentis;gern, (bereit)willig;Adjektiv;16
liber, libera, liberum;frei, unabhängig;Adjektiv;10
longus, longa, longum;lang, lang andauernd;Adjektiv;14
maestus, maesta, maestum;traurig;Adjektiv;6
magnus, magna, magnum;groß(artig), bedeutend;Adjektiv;6
maior, maior, maius, Gen. maioris;größer;Adjektiv;33
malus, mala, malum ;schlecht, schlimm;Adjektiv;30
maturus, matura, maturum;reif, (früh)zeitig;Adjektiv;36
maximus, maxima, maximum;der größte, sehr groß;Adjektiv;33
medius, media, medium;der mittlere, in der Mitte (von);Adjektiv;30
melior, melior, melius, Gen. melioris;besser;Adjektiv;33
mirus, mira, mirum;wunderbar, erstaunlich;Adjektiv;29
miser, misera, miserum;elend, unglücklich;Adjektiv;9
mollis, mollis, molle, Gen. mollis;freundlich, weich, angenehm;Adjektiv;25
mortalis, mortalis, mortale, Gen. mortalis;sterblich;Adjektiv;15
mortuus, mortua, mortuum;tot, gestorben;Adjektiv;7
multi, multae, multa/multum;viele, zahlreiche/viel;Adjektiv;6
natus, nata, natum;geboren;Adjektiv;8
necessarius, necessaria, necessarium;notwendig;Adjektiv;31
nimius, nimia, nimium;zu groß, übermäßig;Adjektiv;30
nobilis, nobilis, nobile, Gen. nobilis;berühmt, vornehm, adlig;Adjektiv;38
nocens, nocens, nocens, Gen. nocentis;schuldig;Adjektiv;35
nocturnus, nocturna, nocturnum;nächtlich;Adjektiv;39
nonnulli, nonnullae, nonnulla;einige, manche;Adjektiv;30
nonus, nona, nonum;der neunte;Adjektiv;I 06
novus, nova, novum;neu;Adjektiv;6
nullus, nulla, nullum, Gen. nullius, Dat. nulli;kein;Adjektiv;18
obscurus, obscura, obscurum;(ziemlich) dunkel, finster;Adjektiv;27
occultus, occulta, occultum;heimlich, geheim, verborgen;Adjektiv;29
occupatus, occupata, occupatum (in m. Abl.);beschäftigt (m. etw.);Adjektiv;24
octavus, octava, octavum;der achte;Adjektiv;I 06
odiosus, odiosa, odiosum;verhasst, widerwärtig;Adjektiv;I 09
omnis, omnis, omne, Gen. omnis;jeder, ganz, Pl. alle;Adjektiv;15
optimus, optima, optimum;der beste, sehr gut;Adjektiv;33
otiosus, otiosa, otiosum;frei von Amtsgeschäften, müßig, friedlich;Adjektiv;I 09
par, par, par, Gen. paris;gleich;Adjektiv;32
paratus, parata, paratum;bereit;Adjektiv;14
parcus, parca, parcum;spärlich, sparsam;Adjektiv;27
parvus, parva, parvum;klein;Adjektiv;24
pauci, paucae, pauca;(nur) wenige;Adjektiv;26
perniciosus, perniciosa, perniciosum;verderblich, gefährlich;Adjektiv;I 09
perpetuus, perpetua, perpetuum;dauerhaft, ewig;Adjektiv;37
pius, pia, pium;fromm, gewissenhaft;Adjektiv;12
plenus, plena, plenum (m. Gen.);voll;Adjektiv;37
plerique, pleraeque, pleraque;die meisten, sehr viele;Adjektiv;38
plures, plures, plura, Gen. plurium;mehr(ere);Adjektiv;40
plurimi, plurimae, plurima/plurimum;die meisten, sehr viele/am meisten, sehr viel;Adjektiv;33
posterus, postera, posterum;(nach)folgend;Adjektiv;39
praeclarus, praeclara, praeclarum;herrlich, ausgezeichnet, sehr bekannt;Adjektiv;33
primus, prima, primum;der erste;Adjektiv;8
prior, prior, prius, Gen. prioris;der erste (von zweien), der frühere;Adjektiv;24
privatus, privata, privatum;persönlich, privat;Adjektiv;10
propinquus, propinqua, propinquum;nahe, benachbart, Subst. der Verwandte;Adjektiv;37
propior, propior, propius, Gen. propioris;(der) näher(e);Adjektiv;40
proximus, proxima, proximum;der nächste, der letzte;Adjektiv;28
publicus, publica, publicum;öffentlich, staatlich;Adjektiv;10
pulcher, pulchra, pulchrum;schön;Adjektiv;9
qualis, qualis, quale, Gen. qualis;wie (beschaffen), was für ein;Adjektiv;39
quantus, quanta, quantum;wie groß, was für ein;Adjektiv;28
quartus, quarta, quartum;der vierte;Adjektiv;I 06
quintus, quinta, quintum;der fünfte;Adjektiv;I 06
rectus, recta, rectum;gerade, direkt, richtig;Adjektiv;18
regius, regia, regium;königlich;Adjektiv;31
reliquus, reliqua, reliquum;übrig, künftig;Adjektiv;40
robustus, robusta, robustum;kräftig, stark;Adjektiv;8
sacer, sacra, sacrum;heilig, geweiht;Adjektiv;26
salvus, salva, salvum;wohlbehalten, gesund;Adjektiv;22
sanctus, sancta, sanctum;ehrwürdig, heilig;Adjektiv;33
sanus, sana, sanum;gesund;Adjektiv;36
sapiens, sapiens, sapiens, Gen. sapientis;weise, vernünftig;Adjektiv;35
secundus, secunda, secundum;der zweite, der folgende, günstig;Adjektiv;6
septimus, septima, septimum;der siebte;Adjektiv;40
sextus, sexta, sextum;der sechste;Adjektiv;I 06
similis, similis, simile, Gen. similis;ähnlich;Adjektiv;37
sinister, sinistra, sinistrum;links, Subst. die linke Hand/Seite;Adjektiv;9
situs, sita, situm;gelegen;Adjektiv;13
solus, sola, solum, Gen. solius, Dat. soli;allein, einzig, nur;Adjektiv;6
studiosus, studiosa, studiosum;eifrig, fleißig;Adjektiv;I 09
stultus, stulta, stultum;dumm, albern, Subst. der Dummkopf;Adjektiv;16
summus, summa, summum;der höchste, der oberste, der äußerste;Adjektiv;17
superbus, superba, superbum;stolz, arrogant;Adjektiv;25
superior, superior, superius, Gen. superioris;höher stehend, überlegen, früher;Adjektiv;38
supplex, supplex, supplex, Gen. supplicis;bittend, flehend;Adjektiv;35
supremus, suprema, supremum;der letzte, der höchste, der oberste;Adjektiv;32
talis, talis, tale, Gen. talis;derartig, (ein) solcher, so beschaffen;Adjektiv;29
tantus, tanta, tantum;so groß, so viel;Adjektiv;23
terribilis, terribilis, terribile, Gen. terribilis;schrecklich;Adjektiv;25
tertius, tertia, tertium;der dritte;Adjektiv;34
tot (indekl.);so viele;Adjektiv;26
totus, tota, totum;ganz;Adjektiv;8
turpis, turpis, turpe, Gen. turpis;schändlich, hässlich;Adjektiv;37
tutus, tuta, tutum;sicher, geschützt;Adjektiv;25
ultimus, ultima, ultimum;der äußerste, der entfernteste, der letzte;Adjektiv;40
unus, una, unum, Gen. unius, Dat. uni;ein, ein einziger;Adjektiv;7
uterque, utraque, utrumque, Gen. utriusque, Dat. utrique;jeder (von zweien), beide;Adjektiv;24
utilis, utilis, utile, Gen. utilis;nützlich, brauchbar;Adjektiv;19
varius, varia, varium;verschieden(artig);Adjektiv;34
vehemens, vehemens, vehemens, Gen. vehementis;heftig;Adjektiv;23
verus, vera, verum;wahr, echt;Adjektiv;16
vetus, vetus, vetus, Gen. veteris, Abl. Sg. vetere, Nom./Akk. Pl. n vetera, Gen. Pl. veterum;alt, ehemalig, erfahren;Adjektiv;31
vitiosus, vitiosa, vitiosum;fehlerhaft, lasterhaft;Adjektiv;I 09
vivus, viva, vivum;lebendig, zu Lebzeiten;Adjektiv;31
ambo;beide;Adjektiv, Numerale;24
adeo (Adv.);so sehr;Adverb;30
adhuc;noch (immer), bis jetzt;Adverb;10
adversus (m. Akk.);gegen, gegenüber;Adverb;32
aliquando;irgendwann (einmal), einst;Adverb;25
ante (Adv.);vorher;Adverb;28
antea (Adv.);vorher, früher;Adverb;I 10
bene (Adv.);gut;Adverb;9
bis;zweimal;Adverb;36
certe;sicher, bestimmt;Adverb;2
cito;schnell;Adverb;2
contra (Adv.);dagegen, andererseits;Adverb;40
cottidie;täglich, Tag für Tag;Adverb;28
cras;morgen;Adverb;30
deinde;dann, darauf, von da an;Adverb;13
demum;endlich;Adverb;40
denique;schließlich, zuletzt;Adverb;34
diu;lange;Adverb;4
diutius;länger;Adverb;37
domi;zu Hause;Adverb;38
domum;nach Hause;Adverb;16
eo (Adv.);dorthin;Adverb;25
fere;beinahe, fast, ungefähr;Adverb;31
foras;hinaus, heraus, nach draußen;Adverb;22
fortasse;vielleicht;Adverb;19
frustra;vergeblich;Adverb;34
hic;hier;Adverb;3
hinc;von hier;Adverb;22
hodie;heute;Adverb;8
huc;hierher;Adverb;17
iam;schon, bereits, nunmehr;Adverb;2
ibi;dort, da;Adverb;2
immo;ja sogar, im Gegenteil;Adverb;26
imprimis;besonders, insbesondere;Adverb;33
inde;von dort;Adverb;35
interea (Adv.);inzwischen;Adverb;I 10
ita;so, auf diese Weise;Adverb;19
item;ebenfalls;Adverb;16
iterum;wieder, zum zweiten Mal;Adverb;7
magis (Adv.);mehr, eher;Adverb;39
maxime (Adv.);am meisten, besonders;Adverb;35
minus (Adv.);weniger;Adverb;36
modo;gerade (eben), nur, (ein)mal;Adverb;14
mox;bald (darauf);Adverb;14
nimis;zu, zu sehr;Adverb;22
numquam;niemals;Adverb;13
nunc;nun, jetzt;Adverb;2
omnino;überhaupt, insgesamt;Adverb;29
paulatim ;allmählich;Adverb;40
paulo;(ein) wenig;Adverb;24
plus (Adv.);mehr;Adverb;36
post (Adv.);später, danach;Adverb;24
postea;später, nachher;Adverb;23
postremo;schließlich, zuletzt;Adverb;16
potius;eher, lieber;Adverb;36
praeterea;außerdem;Adverb;33
primo;zuerst, zunächst;Adverb;7
prius;zuerst, früher;Adverb;29
procul;von Weitem, in der Ferne, weit weg;Adverb;2
profecto;tatsächlich, auf alle Fälle;Adverb;11
propius (Adv.);näher;Adverb;32
protinus;sofort;Adverb;29
quam;wie, wie sehr;Adverb;9
quam;(nach Komparativ) als, (vor Superlativ) möglichst;Adverb;33
quantopere;wie sehr;Adverb;29
quidem;allerdings, zwar;Adverb;23
quondam;einst;Adverb;10
repente;plötzlich, unerwartet;Adverb;29
ruri;auf dem Land;Adverb;36
rursus;wieder;Adverb;40
saepe;oft;Adverb;17
satis;genug;Adverb;17
semel;einmal;Adverb;36
semper;immer;Adverb;5
sic;so;Adverb;11
simul;gleichzeitig, zugleich;Adverb;31
solum (Adv.);nur;Adverb;37
statim;sofort, auf der Stelle;Adverb;3
subito;plötzlich;Adverb;1
tam;so;Adverb;13
tandem;endlich, schließlich;Adverb;4
tantum (Adv.) ;nur;Adverb;28
tum;da, dann, darauf, damals;Adverb;2
ubique;überall;Adverb;6
ultro;von sich aus, darüber hinaus;Adverb;36
umquam;jemals;Adverb;33
una (Adv.);zusammen, gemeinsam;Adverb;13
undique;von überalher;Adverb;33
ut;wie;Adverb;8
valde;sehr;Adverb;3
velut;wie, wie zum Beispiel;Adverb;32
vero;aber, wirklich;Adverb;36
vix;kaum;Adverb;14
tamquam;wie ;Adverb ;38
quasi;(Adv.) gewissermaßen, (m. Konj.) als ob;Adverb, Subjunktion;40
an;oder (etwa);Fragesignal;24
#NAME?;Fragesigna(das nicht übersetzt wird);Fragesignal;7
nonne?;denn nicht?, etwa nicht?;Fragesignal;7
num;indirekte Frage: ob;Fragesignal;29
num?;etwa?;Fragesignal;7
utrum;direkte Frage: unübersetzt, indirekte Frage: ob;Fragesignal;24
cur?;warum?;Fragewort;1
quando?;wann?;Fragewort;18
quare?;weshalb?, wodurch?;Fragewort;13
qui?;wie?;Fragewort;22
quin?;warum nicht?;Fragewort;34
quo?;wohin?;Fragewort;17
ubi?;wo?;Fragewort;1
unde?;woher?;Fragewort;3
quemadmodum;wie, auf welche Weise;Fragewort, Adverb;24
ecce!;schau!/schaut!, sieh da!/seht!;Interjektion;1
at;aber, (je)doch, dagegen;Konjunktion;27
atque/ac;und, und auch;Konjunktion;2
aut;oder;Konjunktion;13
autem (nachgestellt);aber, (je)doch;Konjunktion;11
enim (nachgestellt);denn, nämlich;Konjunktion;11
ergo;also;Konjunktion;35
et;und, auch;Konjunktion;1
etiam;auch, sogar;Konjunktion;1
igitur;also, folglich;Konjunktion;38
itaque;deshalb, daher;Konjunktion;7
nam;denn;Konjunktion;2
neque;und … nicht, auch … nicht, aber … nicht;Konjunktion;4
proinde;also, daher;Konjunktion;11
#NAME?;und;Konjunktion;14
quoque (nachgestellt);auch;Konjunktion;34
sed;aber, (je)doch, sondern;Konjunktion;2
tamen;dennoch, trotzdem;Konjunktion;17
vel;oder;Konjunktion;19
aut … aut;entweder … oder;Konjunktion, Wendung;21
et … et;sowoh… als auch, einerseits … andererseits;Konjunktion, Wendung;23
neque … neque;weder … noch;Konjunktion, Wendung;10
haud;nicht;Negation;14
non;nicht;Negation;1
nondum;noch nicht;Negation;18
centum;hundert;Numerale;I 06
decem;zehn;Numerale;20
duo, duae, duo;zwei;Numerale;19
mille (indekl.), Pl. milia, milium;tausend, Tausend(e);Numerale;37
novem;neun;Numerale;I 06
novem;neun;Numerale;27
octo;acht;Numerale;I 06
quattuor;vier;Numerale;20
quinque;fünf;Numerale;20
septem;sieben;Numerale;31
sex;sechs;Numerale;24
tres, tres, tria, Gen. trium;drei;Numerale;17
a/ab (m. Abl.);von (… her), von … weg, seit;Präposition;9
ad (m. Akk.);zu, zu … hin, an, bei;Präposition;6
ante (m. Akk.);vor;Präposition;5
apud (m. Akk.);bei, in der Nähe von;Präposition;11
causa (m. Gen., nachgestellt);wegen, um … zu;Präposition;35
contra (m. Akk.);gegen;Präposition;27
cum (m. Abl.);(zusammen) mit;Präposition;7
de (m. Abl.);von, von … herab, über, in Bezug auf;Präposition;8
e/ex (m. Abl.);(her)aus, von (… an);Präposition;7
extra (m. Akk.);außerhalb, über … hinaus;Präposition;32
in (m. Abl.);in, an, auf, während;Präposition;7
in (m. Akk.);in, an, auf, nach, gegen(über);Präposition;3
inter (m. Akk.);zwischen, unter, während;Präposition;8
iuxta (m. Akk.);neben;Präposition;20
ob (m. Akk.);wegen;Präposition;21
per (m. Akk.);durch (… hindurch), über … hin, mithilfe;Präposition;12
post (m. Akk.);nach, hinter;Präposition;12
praeter (m. Akk.);außer;Präposition;12
pro (m. Abl.);vor, für, anstelle (von);Präposition;15
propter (m. Akk.);wegen;Präposition;34
sine (m. Abl.);ohne;Präposition;7
sub (m. Abl.);unter;Präposition;18
trans (m. Akk.);über (… hinüber), jenseits;Präposition;18
hic, haec, hoc;dieser, diese, dieses;Pronomen, Demonstrativ-;22
idem, eadem, idem;derselbe, der gleiche;Pronomen, Demonstrativ-;38
ille, illa, illud;jener, jene, jenes (berühmte/berüchtigte), der, die, das zuerst genannte;Pronomen, Demonstrativ-;27
ipse, ipsa, ipsum;selbst, persönlich, gerade;Pronomen, Demonstrativ-;39
is, ea, id;dieser, diese, dieses, der(jenige), die(jenige), das(jenige);Pronomen, Demonstrativ-;18
iste, ista, istud, Gen. istius, Dat. isti;dieser, diese, dieses (da), der, die, das (da), dein, euer;Pronomen, Demonstrativ-;28
aliqui, aliqua, aliquod;irgendein(e);Pronomen, Indefinit-;38
aliquis, aliquid;irgendjemand, -etwas;Pronomen, Indefinit-;38
nemo, Dat. nemini, Akk. neminem;niemand;Pronomen, Indefinit-;10
nihil;nichts;Pronomen, Indefinit-;7
quidam, quaedam, quoddam;ein (gewisser), Pl. einige, etliche;Pronomen, Indefinit-;39
quisque;(ein) jeder;Pronomen, Indefinit-;32
ullus, ulla, ullum, Gen. ullius, Dat. ulli (in verneintem Satz);irgendein(e);Pronomen, Indefinit-;38
unusquisque;jeder Einzelne;Pronomen, Indefinit-;33
qui, quae, quod?;welcher, welche, welches?;Pronomen, Interrogativ-;27
quis?/quid?;wer?/was?;Pronomen, Interrogativ-;1
uter?, Gen. utrius, Dat. utri ;wer? (von zweien);Pronomen, Interrogativ-;24
ego/me;ich/mich;Pronomen, Personal-;3
is, ea, id;er, sie, es;Pronomen, Personal-;16
nos;Nom. wir, Akk. uns;Pronomen, Personal-;13
tu/te;du/dich;Pronomen, Personal-;3
vos;Nom. ihr, Akk. euch;Pronomen, Personal-;13
se (Akk.)/sibi (Dat.)/secum (Abl.);sich/sich/mit sich, bei sich;Pronomen, Personal-, refl.;15
meus, mea, meum;mein;Pronomen, Possessiv-;15
noster, nostra, nostrum;unser;Pronomen, Possessiv-;15
tuus, tua, tuum;dein;Pronomen, Possessiv-;15
vester, vestra, vestrum;euer;Pronomen, Possessiv-;15
suus, sua, suum;sein, ihr;Pronomen, Possessiv-, refl.;15
qui, quae, quod;der, die, das, wer, was;Pronomen, Relativ-;18
cum (Subjunktion, m. Ind.);als, als plötzlich;Subjunktion;11
cum (Subjunktion, m. Ind.);(immer) wenn;Subjunktion;19
cum (Subjunktion, m. Konj.);als, nachdem, da, weil, obwohl;Subjunktion;28
dum (Subjunktion, m. Ind. Präs.);während;Subjunktion;5
dum (Subjunktion, m. Ind.);solange, (solange) bis;Subjunktion;33
etsi;auch wenn, obwohl;Subjunktion;9
ne (Subjunktion, m. Konj.);dass/damit nicht;Subjunktion;28
ne (Subjunktion, m. Konj.);(nach Ausdrücken des Fürchtens) dass;Subjunktion;31
nisi;wenn nicht, außer;Subjunktion;18
postquam (m. Perf.);nachdem;Subjunktion;21
priusquam;bevor, (nach verneintem Satz) bevor nicht;Subjunktion;20
quamquam;obwohl, obgleich;Subjunktion;11
quia;weil;Subjunktion;25
quod (Subjunktion);weil, dass;Subjunktion;9
quoniam;da … ja, wo … doch;Subjunktion;24
si;wenn, falls;Subjunktion;11
sin;wenn aber;Subjunktion;39
tamquam;wie wenn, als ob;Subjunktion;38
ubi (Subjunktion, m. Perf.);sobald;Subjunktion;22
ut (Subjunktion, m. Konj.);dass, damit, sodass;Subjunktion;28
abstinentia, abstinentiae f;die Enthaltsamkeit;Substantiv;36
acies, aciei f;das (kampfbereite) Heer, die Schlachtordnung;Substantiv;26
aditus, aditus m;der Zugang, der Zutritt;Substantiv;29
admiratio, admirationis f;die Bewunderung, die Begeisterung;Substantiv;29
adulescentia, adulescentiae f;die Jugend, das Jungsein;Substantiv;36
adventus, adventus m;die Ankunft;Substantiv;29
aedificium, aedificii n;das Gebäude, das Bauwerk;Substantiv;31
aedis, aedis f, Gen. Pl. aedium;der Tempel, Pl. auch das Haus;Substantiv;27
aequitas, aequitatis f;die Gleichheit;Substantiv;I 10
aequor, aequoris n;das Meer;Substantiv;I 07
aestus, aestus m;die Hitze, die Flut;Substantiv;I 07
aetas, aetatis f;das Alter, das Zeitalter;Substantiv;19
ager, agri m;der Acker, das Feld, das Gebiet;Substantiv;9
altitudo, altitudinis f;die Höhe, die Tiefe;Substantiv;I 10
ambitio, ambitionis f;der Ehrgeiz, die Bewerbung;Substantiv;I 09
amica, amicae f;die Freundin;Substantiv;1
amicitia, amicitiae f;die Freundschaft;Substantiv;27
amicus, amici m;der Freund;Substantiv;2
amor, amoris m;die Liebe;Substantiv;4
anima, animae f;die Seele, der Atem, das Leben;Substantiv;22
animus, animi m;das Herz, der Sinn, der Mut, der Geist;Substantiv;15
annus, anni m;das Jahr;Substantiv;17
aqua, aquae f;das Wasser;Substantiv;7
ara, arae f;der Altar;Substantiv;12
arbor, arboris f;der Baum;Substantiv;14
ardor, ardoris m;die Hitze, die Begeisterung, das Temperament;Substantiv;4
arma, armorum n (Pluralwort);die Waffen;Substantiv;6
ars, artis f, Gen. Pl. artium;die Kunst, das Handwerk;Substantiv;17
arx, arcis f, Gen. Pl. arcium;die Burg (der höher gelegene und befestigte Teieiner Stadt);Substantiv;26
asinus, asini m;der Esel;Substantiv;1
aspectus, aspectus m;der Anblick;Substantiv;31
auctor, auctoris m;der (Be-)Gründer, der Anstifter, der Veranlasser, der Verfasser;Substantiv;31
auctoritas, auctoritatis f;das Ansehen, der Einfluss;Substantiv;21
audacia, audaciae f;die Frechheit, die Kühnheit;Substantiv;24
auris, auris f, Gen. Pl. aurium;das Ohr;Substantiv;28
aurum, auri n;das Gold;Substantiv;27
auxilium, auxilii n;die Hilfe;Substantiv;6
avaritia, avaritiae f;die Gier, die Habsucht, der Geiz;Substantiv;27
avis, avis f, Gen. Pl. avium;der Vogel;Substantiv;24
avus, avi m;der Großvater;Substantiv;4
barba, barbae f;der Bart;Substantiv;I 08
bellum, belli n;der Krieg;Substantiv;17
beneficium, beneficii n;die Wohltat;Substantiv;33
bracchium, bracchii n;der Arm;Substantiv;I 08
brevitas, brevitatis f;die Kürze;Substantiv;I 10
caelum, caeli n;der Himmel, das Klima;Substantiv;14
calamitas, calamitatis f;das Unglück, der Verlust, die Niederlage;Substantiv;30
campus, campi m;das freie Gelände, das Feld;Substantiv;40
canis, canis m;der Hund;Substantiv;1
capilli, capillorum m (Pluralwort);die Haare;Substantiv;I 08
caput, capitis n;der Kopf, die Hauptstadt;Substantiv;12
caritas, caritatis f;die Liebe;Substantiv;I 10
carmen, carminis n;das Gedicht, das Lied;Substantiv;33
castra, castrorum n (Pluralwort);das Lager;Substantiv;27
casus, casus m;der Fall, der Zufall, der Schicksalsschlag;Substantiv;34
causa, causae f;der Grund, der Prozess, der Streitfall;Substantiv;5
cena, cenae f;das (Abend-)Essen, die Mahlzeit;Substantiv;10
certitudo, certitudinis f;die Sicherheit;Substantiv;I 10
cibus, cibi m;die Speise, die Nahrung;Substantiv;16
cinis, cineris m;die Asche;Substantiv;40
civis, civis m/f, Gen. Pl. civium;der/die Bürger(in), der/die Mitbürger(in);Substantiv;13
civitas, civitatis f;der Staat, der Stamm, die Bürgerschaft;Substantiv;18
clades, cladis f, Gen. Pl. cladium;die Niederlage, der Verlust;Substantiv;31
clamor, clamoris m;der Schrei, der Ruf, das Geschrei;Substantiv;4
classis, classis f, Gen. Pl. classium;die Flotte;Substantiv;23
clementia, clementiae f;die Milde;Substantiv;I 10
collum, colli n;der Hals;Substantiv;I 08
comes, comitis m/f;der/die Begleiter(in);Substantiv;25
condicio, condicionis f;die Bedingung, die Lage;Substantiv;37
coniunx, coniugis f/m;die (Ehe-)Frau/der (Ehe-)Mann;Substantiv;23
coniuratio, coniurationis f;die Verschwörung;Substantiv;28
consilium, consilii n;der Rat(schlag), der Plan, die Absicht;Substantiv;19
consuetudo, consuetudinis f;die Gewohnheit, der Brauch;Substantiv;39
consul, consulis m;der Konsu(höchster röm. Beamter);Substantiv;4
consultum, consulti n;der Beschluss;Substantiv;28
convivium, convivii n;das Gastmahl, das Gelage;Substantiv;36
copia, copiae f;der Vorrat, die Menge, Pl. auch die Truppen;Substantiv;26
cor, cordis n;das Herz;Substantiv;I 08
corpus, corporis n;der Körper, der Leib;Substantiv;12
crimen, criminis n;der Vorwurf, das Verbrechen;Substantiv;31
crux, crucis f;das Kreuz;Substantiv;32
culpa, culpae f;die Schuld;Substantiv;39
cupiditas, cupiditatis f;der Wunsch, das Verlangen;Substantiv;23
cura, curae f;die Sorge, die Sorgfalt;Substantiv;13
curia, curiae f;die Kurie (Sitzungsgebäude des Senats);Substantiv;38
custos, custodis m/f;der/die Wächter(in), die Wache;Substantiv;29
cutis, cutis f;die Haut;Substantiv;I 08
damnum, damni n;der Schaden, der Verlust;Substantiv;39
dea, deae f;die Göttin;Substantiv;4
deditio, deditionis f;die Übergabe, die Kapitulation;Substantiv;37
dens, dentis m;der Zahn;Substantiv;I 08
deus, dei m, Nom. Pl. auch di ;der Gott;Substantiv;4
dies, diei m;der Tag;Substantiv;25
difficultas, difficultatis f;die Schwierigkeit;Substantiv;I 10
digitus, digiti m;der Finger;Substantiv;I 08
dignitas, dignitatis f;die Würde, das Ansehen;Substantiv;27
diligentia, diligentiae f;die Gewissenhaftigkeit, die Sorgfalt;Substantiv;28
dolor, doloris m;der Schmerz, die Trauer;Substantiv;23
dolus, doli m;die List;Substantiv;21
domina, dominae f;die (Haus-)Herrin;Substantiv;5
dominus, domini m;der (Haus-)Herr;Substantiv;5
domus, domus f, Abl. Sg. domo, Gen. Pl. domorum, Akk. Pl. domos;das Haus (in der Stadt);Substantiv;28
donum, doni n;das Geschenk;Substantiv;2
dux, ducis m/f;der/die Führer(in), der Feldherr;Substantiv;23
epistula, epistulae f;der Brief;Substantiv;5
eques, equitis m;der Reiter;Substantiv;3
equus, equi m;das Pferd;Substantiv;2
exemplum, exempli n;das Beispiel;Substantiv;8
exercitus, exercitus m;das Heer;Substantiv;27
fabula, fabulae f;die Geschichte, die Erzählung, das Theaterstück;Substantiv;12
facies, faciei f;das Gesicht;Substantiv;I 08
factum, facti n;die Tat, die Handlung, die Tatsache;Substantiv;37
facultas, facultatis f;die Möglichkeit, die Gelegenheit;Substantiv;35
fama, famae f;das Gerücht, der Ruf;Substantiv;31
familia, familiae f;die Familie;Substantiv;2
fatum, fati n;das Schicksal;Substantiv;23
femina, feminae f;die Frau;Substantiv;6
fenestra, fenestrae f;das Fenster;Substantiv;31
ferrum, ferri n;das Eisen, die Waffe(n);Substantiv;32
fides, fidei f;das Vertrauen, die Treue, der Treueschwur, der Glaube;Substantiv;21
filia, filiae f;die Tochter;Substantiv;19
filius, filii m;der Sohn;Substantiv;9
finis, finis m, Gen. Pl. finium;das Ende, die Grenze, der Zweck, Pl. das Gebiet;Substantiv;27
flamma, flammae f;die Flamme, das Feuer;Substantiv;16
flumen, fluminis n;der Fluss;Substantiv;32
focus, foci m;der Herd;Substantiv;16
fons, fontis m;die Quelle;Substantiv;I 07
forma, formae f;die Form, die Gestalt, die Schönheit;Substantiv;15
fortitudo, fortitudinis f;die Tapferkeit;Substantiv;I 10
fortuna, fortunae f;das Schicksal, das Glück, die Lage;Substantiv;8
forum, fori n;das Forum, der Marktplatz;Substantiv;7
frater, fratris m;der Bruder;Substantiv;11
fraus, fraudis f, Gen. Pl. fraud(i)um;der Betrug, die Täuschung;Substantiv;21
frons, frontis f, Gen. Pl. frontium;die Stirn, die Vorderseite, die Front;Substantiv;32
fructus, fructus m;die Frucht, der Ertrag, der Nutzen;Substantiv;I 07
frumentum, frumenti n;das Getreide;Substantiv;31
fuga, fugae f;die Flucht;Substantiv;5
fur, furis m;der Dieb;Substantiv;5
furor, furoris m;das Toben, der Wahnsinn, die Raserei;Substantiv;4
gaudium, gaudii n;die Freude;Substantiv;25
gens, gentis f, Gen. Pl. gentium;das Volk, das Geschlecht;Substantiv;23
genus, generis n;das Geschlecht, die Art, die Gattung;Substantiv;12
gladius, gladii m;das Schwert;Substantiv;9
gloria, gloriae f;der Ruhm, die Ehre;Substantiv;34
gradus, gradus m;der Rang, die Stufe, der Schritt;Substantiv;38
gratia, gratiae f;der Dank, die Beliebtheit, die Gunst;Substantiv;16
hiems, hiemis f;der Winter, das Unwetter;Substantiv;I 07
homo, hominis m;der Mensch, der Mann, Pl. auch die Leute;Substantiv;4
honos/honor, honoris m;die Ehre, das Ehrenamt;Substantiv;17
hora, horae f;die Stunde;Substantiv;14
hortus, horti m;der Garten;Substantiv;31
hospes, hospitis m;der Gast, der Gastgeber;Substantiv;11
hostis, hostis m, Gen. Pl. hostium;der Feind;Substantiv;21
humanitas, humanitatis f;die Menschlichkeit, die Bildung;Substantiv;10
ignis, ignis m, Gen. Pl. ignium;das Feuer, der Brand;Substantiv;31
imperator, imperatoris m;der Kaiser, der Feldherr;Substantiv;3
imperium, imperii n;der Befehl, die Herrschaft, das Reich;Substantiv;18
impetus, impetus m;der Angriff, der Schwung;Substantiv;34
incendium, incendii n;der Brand, das Feuer;Substantiv;21
incolumitas, incolumitatis f;die Unversehrtheit;Substantiv;I 10
ingenium, ingenii n;die Begabung, der Verstand, der Charakter;Substantiv;25
iniuria, iniuriae f;das Unrecht, die Gewalttat, die Ungerechtigkeit;Substantiv;25
inopia, inopiae f;der Mangel;Substantiv;26
insidiae, insidiarum f (Pluralwort);der Hinterhalt, die Falle, der Anschlag;Substantiv;22
insula, insulae f;die Insel, der Wohnblock;Substantiv;3
interitus, interitus m;der Untergang;Substantiv;28
invidia, invidiae f;der Neid, der Hass;Substantiv;37
ira, irae f;der Zorn, die Wut;Substantiv;21
iter, itineris n;der Weg, die Reise, der Marsch;Substantiv;14
iudex, iudicis m;der Richter;Substantiv;5
iudicium, iudicii n;das Urteil, das Gericht, der Gerichtshof;Substantiv;15
ius, iuris n;das Recht;Substantiv;19
iustitia, iustitiae f;die Gerechtigkeit;Substantiv;30
iuvenis, iuvenis m;der junge Mann;Substantiv;15
iuventus, iuventutis f;die Jugend;Substantiv;33
labor, laboris m;die Arbeit, die Anstrengung, das Leid;Substantiv;10
lacrima, lacrimae f;die Träne;Substantiv;3
lacus, lacus m;der See, der Teich;Substantiv;I 07
laetitia, laetitiae f;die Freude;Substantiv;I 10
laus, laudis f;das Lob, der Ruhm;Substantiv;30
lectus, lecti m;das Bett, das Liegesofa;Substantiv;28
legatus, legati m;der Gesandte;Substantiv;30
legio, legionis f;die Legion;Substantiv;30
lex, legis f;das Gesetz, die Bedingung;Substantiv;33
liber, libri m;das Buch;Substantiv;32
liberi, liberorum m (Pluralwort);die Kinder;Substantiv;26
libertas, libertatis f;die Freiheit;Substantiv;20
libido, libidinis f;das (heftige) Verlangen, die Lust;Substantiv;29
litterae, litterarum f (Pluralwort);der Brief, die Wissenschaften, die Literatur;Substantiv;19
litus, litoris n;der Strand;Substantiv;21
loca, locorum n (Pluralwort);die Gegend;Substantiv;24
locus, loci m;der Ort, die Stelle;Substantiv;22
ludus, ludi m;das Spiel, die Schule;Substantiv;33
lumen, luminis n;das Licht, das Auge(nlicht);Substantiv;27
lux, lucis f;das (Tages-)Licht;Substantiv;8
magister, magistri m;der Lehrer;Substantiv;35
magnitudo, magnitudinis f;die Größe;Substantiv;27
maiores, maiorum m (Pluralwort);die Vorfahren;Substantiv;34
malum, mali n;das Übel, das Leid, das Unglück;Substantiv;34
mandatum, mandati n;der Auftrag;Substantiv;25
manus, manus f;die Hand, die Schar;Substantiv;27
mare, maris n, Abl. Sg. mari, Nom./Akk. Pl. maria, Gen. Pl. marium;das Meer;Substantiv;13
mater, matris f;die Mutter;Substantiv;6
matrona, matronae f;die (verheiratete) Frau;Substantiv;2
medicus, medici m;der Arzt;Substantiv;7
membrum, membri n;das Glied, der Körperteil;Substantiv;I 08
memoria, memoriae f;die Erinnerung, das Gedächtnis, die Zeit;Substantiv;33
mens, mentis f, Gen. Pl. mentium;der Geist, das Bewusstsein, die Denkweise;Substantiv;7
mensis, mensis m, Gen. Pl. mens(i)um;der Monat;Substantiv;20
merces, mercedis f;der Lohn;Substantiv;36
metus, metus m;die Angst, die Furcht;Substantiv;27
miles, militis m;der Soldat;Substantiv;27
militia, militiae f;der Militärdienst;Substantiv;38
miseria, miseriae f;das Elend;Substantiv;I 10
modus, modi m;die Art, die Weise, das Maß;Substantiv;22
moenia, moenium n (Pluralwort);die (Stadt-)Mauer;Substantiv;24
momentum, momenti n;die Entscheidung, die Wichtigkeit;Substantiv;24
mons, montis m, Gen. Pl. montium ;der Berg;Substantiv;12
monumentum, monumenti n;das Denkmal;Substantiv;17
mora, morae f;die Verzögerung, der Aufenthalt;Substantiv;29
mors, mortis f, Gen. Pl. mortium;der Tod;Substantiv;9
mortalitas, mortalitatis f;die Sterblichkeit;Substantiv;I 10
mos, moris m;die Art, die Sitte, der Brauch, Pl. auch der Charakter;Substantiv;10
mulier, mulíeris f;die Frau;Substantiv;22
multitudo, multitudinis f;die große Anzahl, die Menge;Substantiv;32
munus, muneris n;das Amt, die Aufgabe, das Geschenk;Substantiv;25
murus, muri m;die Mauer;Substantiv;21
nasus, nasi m;die Nase;Substantiv;I 08
natio, nationis f;das Volk, der (Volks-)Stamm;Substantiv;37
natura, naturae f;die Beschaffenheit, die Natur, das Wesen;Substantiv;26
nauta, nautae m;der Seemann;Substantiv;6
navis, navis f, Gen. Pl. navium;das Schiff;Substantiv;6
nefas n (nur Nom./Akk. Sg.);der Frevel, das Verbrechen;Substantiv;23
nepos, nepotis m;der Enkel, der Neffe;Substantiv;25
nix, nivis f;der Schnee;Substantiv;I 07
nomen, nominis n;der Name;Substantiv;13
nox, noctis f, Gen. Pl. noctium;die Nacht;Substantiv;5
numen, numinis n;die (göttliche) Macht, die Gottheit;Substantiv;12
numerus, numeri m;die Zahl, die Menge;Substantiv;18
nuntius, nuntii m;der Bote, die Botschaft;Substantiv;3
nuptiae, nuptiarum f (Pluralwort);die Heirat, die Hochzeit;Substantiv;19
obsidio, obsidionis f;die Belagerung;Substantiv;37
occasio, occasionis f;die Gelegenheit;Substantiv;34
oculus, oculi m;das Auge;Substantiv;7
odium, odii n;der Hass;Substantiv;27
officium, officii n;der Dienst, die Pflicht;Substantiv;39
onus, oneris n;die Last;Substantiv;29
opera, operae f;die Arbeit, die Tätigkeit, die Mühe;Substantiv;34
opinio, opinionis f;die Meinung, die Ansicht;Substantiv;38
oppidum, oppidi n;die (befestigte) Stadt;Substantiv;14
opus, operis n;das Werk, die Arbeit;Substantiv;17
oraculum, oraculi n;das Orakel, der Götterspruch, die Orakelstätte;Substantiv;12
oratio, orationis f;die Rede;Substantiv;35
orator, oratoris m;der Redner;Substantiv;5
orbis, orbis m, Gen. Pl. orbium;der (Erd-)Kreis;Substantiv;23
os, oris n;der Mund, das Gesicht;Substantiv;25
os, ossis n;der Knochen;Substantiv;I 08
otium, otii n;die freie Zeit, die Ruhe;Substantiv;I 09
parentes, parent(i)um m;die Eltern;Substantiv;20
pars, partis f, Gen. Pl. partium;der Teil, die Seite, die Richtung;Substantiv;30
pastor, pastoris m;der Hirte;Substantiv;38
pater, patris m;der Vater;Substantiv;5
patres, patrum m (Pluralwort);die Patrizier, die Senatoren;Substantiv;25
patria, patriae f;das Vaterland, die Heimat;Substantiv;13
patronus, patroni m;der Anwalt, der Verteidiger, der Schirmherr;Substantiv;5
pax, pacis f;der Frieden;Substantiv;30
pectus, pectoris n;die Brust;Substantiv;I 08
pecunia, pecuniae f;das Geld, das Vermögen;Substantiv;33
periculum, periculi n;die Gefahr;Substantiv;3
pernicies, perniciei f;die Vernichtung, das Verderben;Substantiv;23
pes, pedis m;der Fuß;Substantiv;22
pietas, pietatis f;die Frömmigkeit;Substantiv;I 10
pirata, piratae m;der Pirat, der Seeräuber;Substantiv;6
plebs, plebis f;die Plebejer, das (einfache) Volk, die Masse;Substantiv;25
poculum, poculi n;der Becher;Substantiv;35
poena, poenae f;die Strafe;Substantiv;31
pons, pontis m, Gen. Pl. pontium;die Brücke;Substantiv;17
populus, populi m;das Volk, das Publikum;Substantiv;4
porta, portae f;das Tor, die Tür;Substantiv;22
potestas, potestatis f;die Möglichkeit, die (Amts-)Gewalt, die Macht;Substantiv;32
praeceptum, praecepti n;die Vorschrift, die Regel, die Lehre;Substantiv;36
praemium, praemii n;die Belohnung, die Auszeichnung;Substantiv;35
praesentia, praesentiae f;die Gegenwart;Substantiv;28
praesidium, praesidii n;der Schutz, Pl. die Schutztruppe;Substantiv;28
preces, precum f (Pluralwort)  ;die Bitten, das Gebet;Substantiv;12
pretium, pretii n;der Preis;Substantiv;11
princeps, principis m;der Angesehenste, der führende Mann, der Herrscher;Substantiv;25
provincia, provinciae f;die Provinz;Substantiv;3
prudentia, prudentiae f;die Klugheit, die Vorsicht;Substantiv;21
puella, puellae f;das Mädchen;Substantiv;10
puer, pueri m;der Junge;Substantiv;9
pugna, pugnae f;der Kampf;Substantiv;9
pulchritudo, pulchritudinis f;die Schönheit;Substantiv;I 10
quies, quietis f;die Ruhe, die Erholung;Substantiv;30
ratio, rationis f;die Art und Weise, die Vernunft, der (vernünftige) Grund;Substantiv;28
regina, reginae f;die Königin;Substantiv;4
regio, regionis f;das Gebiet, die Gegend;Substantiv;37
regnum, regni n;das (König-)Reich, die Königsherrschaft;Substantiv;15
religio, religionis f;die (Gottes-)Verehrung, der Glaube, der Aberglaube;Substantiv;32
remedium, remedii n;das Heilmittel;Substantiv;22
res publica, rei publicae f;der Staat;Substantiv;32
res, rei f;die Sache, das Ereignis;Substantiv;21
reus, rei m;der Angeklagte;Substantiv;5
rex, regis m;der König;Substantiv;10
ripa, ripae f;das Ufer;Substantiv;18
ruina, ruinae f;der Einsturz, der Sturz, der Fall;Substantiv;40
rus, ruris n;das Land (im Gegensatz zur Stadt), das Feld;Substantiv;36
sacerdos, sacerdotis m/f;der/die Priester(in);Substantiv;21
saeculum, saeculi n;das Jahrhundert, die Welt;Substantiv;34
salus, salutis f;die Rettung, das Wohl, die Gesundheit, (in Verbindung m. dicere) der Gruß;Substantiv;11
sanguis, sanguinis m;das Blut;Substantiv;34
sanitas, sanitatis f;die Gesundheit;Substantiv;I 10
sapientia, sapientiae f;die Weisheit, der Verstand;Substantiv;8
saxum, saxi n;der Stein, der Fels(brocken);Substantiv;12
scelus, sceleris n;das Verbrechen;Substantiv;28
scientia, scientiae f;das Wissen, die Kenntnis;Substantiv;36
sedes, sedis f, Gen. Pl. sed(i)um;der Sitz, das Siedlungsgebiet;Substantiv;18
seditio, seditionis f;der Aufruhr, der Aufstand;Substantiv;31
senator, senatoris m;der Senator;Substantiv;4
senatus, senatus m;der Senat, die Senatsversammlung;Substantiv;27
senectus, senectutis f;das Alter;Substantiv;36
senex, senis m;der alte Mann, der Greis;Substantiv;39
sententia, sententiae f;die Meinung, die Ansicht, das Urteil;Substantiv;21
sermo, sermonis m;das Gespräch, das Gerede, die Sprache;Substantiv;38
servitus, servitutis f;die Sklaverei, die Knechtschaft;Substantiv;8
servus, servi m;der Sklave, der Diener;Substantiv;2
serva, servae f;die Sklavin, die Dienerin;Substantiv;2
signum, signi n;das Zeichen, das Merkmal;Substantiv;4
silentium, silentii n;die Ruhe, die Stille, das Schweigen;Substantiv;1
silva, silvae f;der Wald;Substantiv;I 07
similitudo, similitudinis f;die Ähnlichkeit;Substantiv;I 10
simulacrum, simulacri n;das Bild;Substantiv;4
socius, socii m;der Gefährte, der Verbündete;Substantiv;22
sol, solis m;die Sonne;Substantiv;1
somnus, somni m;der Schlaf;Substantiv;26
sors, sortis f, Gen. Pl. sortium;das Schicksal, das Los;Substantiv;11
species, speciei f;das Aussehen, der Schein;Substantiv;40
spectaculum, spectaculi n;das Schauspiel, die Veranstaltung, die Vorführung;Substantiv;4
spes, spei f;die Hoffnung, die Erwartung;Substantiv;21
studium, studii n;der Eifer, die Bemühung;Substantiv;24
stultitia, stultitiae f;die Dummheit;Substantiv;I 10
supplicium, supplicii n;die Hinrichtung, die (Todes-)Strafe;Substantiv;28
suspicio, suspicionis f;der Verdacht, die Vermutung;Substantiv;30
tellus, telluris f;die Erde, der Erdboden;Substantiv;I 07
tempestas, tempestatis f;der Sturm, das (schlechte) Wetter;Substantiv;14
tempus, temporis n;die Zeit, der (passende) Zeitpunkt;Substantiv;15
tergum, tergi n;der Rücken;Substantiv;12
terra, terrae f;die Erde, das Land;Substantiv;6
terror, terroris m;der Schrecken, die Schreckensnachricht;Substantiv;30
testis, testis m, Gen. Pl. testium;der Zeuge;Substantiv;20
timor, timoris m;die Angst, die Furcht;Substantiv;21
tribunus, tribuni m;der (Militär-)Tribun;Substantiv;30
turba, turbae f;die (Menschen-)Menge, das Durcheinander;Substantiv;40
turpitudo, turpitudinis f;die Hässlichkeit;Substantiv;I 10
turris, turris f, Akk. Sg. turrim, Abl. Sg. turri, Gen. Pl. turrium;der Turm;Substantiv;31
umerus, umeri m;der Oberarm, die Schulter;Substantiv;29
urbs, urbis f, Gen. Pl. urbium  ;die Stadt;Substantiv;8
usus, usus m;der Gebrauch, der Nutzen, die Erfahrung;Substantiv;33
utilitas, utilitatis f;der Nutzen;Substantiv;I 10
uxor, uxoris f;die Ehefrau;Substantiv;17
venter, ventris m;der Bauch, der Magen;Substantiv;36
ventus, venti m;der Wind, der Sturm;Substantiv;6
ver, veris n;der Frühling;Substantiv;I 07
verbum, verbi n;das Wort;Substantiv;4
veritas, veritatis f;die Wahrheit;Substantiv;I 10
versus, versus m;der Vers;Substantiv;31
via, viae f;der Weg, die Straße;Substantiv;14
victor, victoris m;der Sieger;Substantiv;9
victoria, victoriae f;der Sieg;Substantiv;32
vicus, vici m;die Gasse, das (Stadt-)Viertel, das Dorf;Substantiv;31
vigilia, vigiliae f;die Wache, der Wachtposten (nachts);Substantiv;26
villa, villae f;das (Land-)Haus, das Landgut;Substantiv;1
vinum, vini n;der Wein;Substantiv;16
vir, viri m;der Mann;Substantiv;9
virgo, virginis f;die junge (unverheiratete) Frau, die Jungfrau;Substantiv;19
virtus, virtutis f;die Tüchtigkeit, die Tapferkeit, die Tugend, Pl. auch gute Eigenschaften;Substantiv;26
vis, Akk. vim, Abl. vi f, Pl. vires, virium;die Gewalt, die Kraft, die Menge, Pl. auch (Streit-)Kräfte;Substantiv;13
vita, vitae f;das Leben;Substantiv;9
vitium, vitii n;der Fehler, die schlechte Eigenschaft;Substantiv;8
voluntas, voluntatis f;der Wille, die Absicht;Substantiv;19
voluptas, voluptatis f;das Vergnügen, der Spaß;Substantiv;7
votum, voti n;der Wunsch, das Gelübde;Substantiv;16
vox, vocis f;die Stimme;Substantiv;8
vulgus, vulgi n;das Volk;Substantiv;40
vulnus, vulneris n;die Wunde;Substantiv;39
vultus, vultus m;das Gesicht, die Miene;Substantiv;35
(mea, tua, …) sponte;freiwillig, aus eigenem Antrieb;Substantiv, Wendung;23
aestimare;(ein)schätzen;Verb;35
concedere, concedo, concessi, concessum;erlauben, zugestehen, einräumen;Verb;28
abducere, abduco, abduxi, abductum;wegführen, (weg)bringen, verschleppen;Verb;6
abesse, absum, afui;abwesend sein, fehlen, entfernt sein;Verb;20
abire, abeo, abii, abitum;(weg)gehen;Verb;20
accedere, accedo, accessi, accessum;herantreten, hingehen;Verb;16
accendere, accendo, accendi, accensum;in Brand setzen, entflammen, aufregen;Verb;29
accidere, accidit, accidit;sich ereignen, zustoßen;Verb;22
accipere, accipio, accepi, acceptum;annehmen, empfangen, aufnehmen;Verb;20
accurrere, accurro, accurri, accursum;herbeilaufen, angelaufen kommen;Verb;5
addere, addo, addidi, additum;hinzufügen;Verb;10
adducere, adduco, adduxi, adductum;heranführen, veranlassen;Verb;27
adesse, adsum, adfui/affui;anwesend sein, da sein, (m. Dat.) helfen;Verb;20
adhibere;anwenden, (jmdn.) hinzuziehen;Verb;36
adire, adeo, adii, aditum;hingehen, herantreten, ansprechen;Verb;23
administrare;verwalten;Verb;3
admirari, admiror, admiratus sum ;bewundern;Verb;34
admittere, admitto, admisi, admissum;hinzuziehen, zulassen;Verb;38
aedificare;bauen;Verb;21
afferre, affero, attuli, allatum ;(herbei)bringen, melden;Verb;30
afficere, afficio, affeci, affectum (m. Abl.);versehen (m. etw.);Verb;25
agere, ago, egi, actum;tun, handeln, (m. Adv. und cum) umgehen (mit jmdm.);Verb;9
aggredi, aggredior, aggressus sum;angreifen, überfallen;Verb;39
agitare;(an)treiben;Verb;25
aio/ait;ich sage, behaupte/er, sie, es sagt, behauptet;Verb;39
amare;lieben, verliebt sein;Verb;7
ambulare;(spazieren) gehen;Verb;7
amittere, amitto, amisi, amissum ;verlieren;Verb;34
animadvertere, animadverto, animadverti, animadversum (in m. Akk.);bemerken, entdecken, vorgehen (gegen jmdn.);Verb;26
aperire, aperio, aperui, apertum;öffnen, aufdecken;Verb;14
apparere, appareo, apparui, ‒;erscheinen, sich zeigen, offensichtlich sein;Verb;2
appellare;anreden, sich wenden (an), (m. doppeltem Akk.) (jmdn.) … nennen, (jmdn.) bezeichnen (als);Verb;16
apportare;herbeitragen, (mit)bringen;Verb;2
appropinquare;sich nähern, näher kommen;Verb;2
arbitrari, arbitror, arbitratus sum;glauben, meinen;Verb;40
arcere, arceo, arcui, ‒;abwehren, fernhalten;Verb;27
arcessere, arcesso, arcessivi, arcessitum;herbeirufen, holen;Verb;15
ardere, ardeo, arsi, ‒;(ver)brennen, entbrannt sein;Verb;1
ascendere, ascendo, ascendi, ascensum;hinaufsteigen, hinaufklettern;Verb;26
aspicere, aspicio, aspexi, aspectum;anblicken;Verb;20
audere, audeo, ausus sum ;wagen;Verb;28
audire;(an-, er-, zu)hören;Verb;3
augere, augeo, auxi, auctum ;vergrößern, vermehren;Verb;40
bibere, bibo, bibi, ‒;trinken;Verb;20
cadere, cado, cécidi, ‒;fallen, sinken;Verb;14
caedere, caedo, cecidi, caesum ;niederschlagen, töten;Verb;30
canere, cano, cecini, cantatum ;(be)singen;Verb;31
capere, capio, cepi, captum;(ein)nehmen, erobern, (er)fassen;Verb;20
carere, careo, carui, ‒ (m. Abl.);frei sein (von etw.), (etw.) nicht haben;Verb;10
cedere, cedo, cessi, cessum;(weg-, aus)gehen, nachgeben, überlassen;Verb;9
celebrare;rühmen, verherrlichen, feiern;Verb;33
cenare;essen;Verb;18
censere, censeo, censui, censum;(ein)schätzen, der Ansicht sein, (m. doppeltem Akk.) halten für;Verb;19
cernere, cerno, ‒, ‒;erkennen, sehen;Verb;27
certare;streiten, kämpfen;Verb;24
cessare;zögern, sich Zeit lassen;Verb;1
circumdare, circumdo, circumdedi circumdatum;umgeben, umzingeln;Verb;24
circumstare, circumsto, circumsteti, ‒;um … herum stehen;Verb;29
circumvenire, circumvenio, circumveni, circumventum;umzingeln, umringen;Verb;28
clamare;schreien, (laut) rufen;Verb;1
claudere, claudo, clausi, clausum ;(ab-, ein)schließen;Verb;29
cogere, cogo, coegi, coactum ;sammeln, zwingen;Verb;23
cogitare;denken (an), nachdenken (über), (m. Inf .) beabsichtigen;Verb;4
cognoscere, cognosco, cognovi, cognitum;erfahren, erkennen, kennenlernen;Verb;13
colere, colo, colui, cultum;pflegen, verehren, bebauen;Verb;12
colligere, colligo, collegi, collectum;sammeln, auflesen, folgern;Verb;I 09
collocare;(auf-, hin)stellen, (hin)setzen, legen;Verb;20
committere, committo, commisi, commissum;veranstalten, beginnen, begehen, anvertrauen;Verb;39
commovere, commoveo, commovi, commotum;erregen, bewegen, veranlassen;Verb;24
comperire, comperio, cómperi, compertum;erfahren, in Erfahrung bringen;Verb;17
componere, compono, composui, compositum;zusammenstellen, ordnen, verfassen, schlichten;Verb;I 06
comprehendere, comprehendo, comprehendi, comprehensum;ergreifen, festnehmen, begreifen;Verb;29
conari, conor, conatus sum ;versuchen;Verb;34
conciliare;gewinnen, vermitteln;Verb;15
condere, condo, condidi, conditum;gründen;Verb;24
conficere, conficio, confeci, confectum;beenden, erledigen;Verb;32
confidere, confido, confisus sum ;vertrauen;Verb;37
confirmare;bekräftigen, stärken, ermutigen;Verb;38
coniungere, coniungo, coniunxi, coniunctum;vereinigen, verbinden, (ver)knüpfen;Verb;38
consentire, consentio, consensi, consensum;übereinstimmen;Verb;24
consequi, consequor, consecutus sum;erreichen, nachfolgen;Verb;38
conservare;erhalten, retten;Verb;I 09
considere, consido, consedi, ‒;sich setzen, sich niederlassen;Verb;16
consistere, consisto, constiti, ‒;stehen bleiben, sich hinstellen, bestehen (aus);Verb;14
conspicere, conspicio, conspexi, conspectum;erblicken;Verb;20
constituere, constituo, constitui, constitutum;beschließen, festsetzen;Verb;23
consulere, consulo, consului, consultum;(m. Akk.) um Rat fragen, befragen, (m. Dat.) sorgen für;Verb;25
consumere, consumo, consumpsi, consumptum;verbrauchen, verwenden, zubringen;Verb;40
contemnere, contemno, contempsi, contemptum;verachten;Verb;38
contemplari, contemplor, contemplatus sum;(aus der Nähe genau) betrachten;Verb;34
contendere, contendo, contendi, contentum;sich anstrengen, eilen, kämpfen, behaupten;Verb;21
continere;halten, festhalten, enthalten;Verb;32
contingere, contingo, cóntigi, contactum;berühren, gelingen;Verb;35
convenire, convenio, conveni, conventum;zusammenkommen, zusammenpassen, (m. Akk.) treffen;Verb;8
corripere, corripio, corripui, correptum;(an)packen, an sich reißen;Verb;21
corrumpere, corrumpo, corrupi, corruptum;vernichten, verderben, bestechen;Verb;I 06
credere, credo, credidi, creditum;glauben, (an)vertrauen;Verb;17
crescere, cresco, crevi, ‒;wachsen;Verb;18
cupere, cupio, cupivi, cupitum;wünschen, verlangen;Verb;20
curare (m. Akk.);sorgen (für), sich kümmern (um);Verb;14
currere, curro, cucurri, cursum;laufen, eilen;Verb;7
custodire;bewachen;Verb;26
damnare;verurteilen;Verb;31
dare, do, dedi, datum;(von sich) geben;Verb;4
debere;(m. Inf.) müssen, verdanken, schulden;Verb;3
decedere, decedo, decessi, decessum;weggehen, gehen (aus);Verb;5
decipere, decipio, decepi, deceptum;täuschen;Verb;23
dedere, dedo, dedidi, deditum ;ausliefern, übergeben;Verb;37
deducere, deduco, deduxi, deductum;abführen, wegführen;Verb;35
deesse, desum, defui ;fehlen;Verb;39
defendere, defendo, defendi, defensum;verteidigen, abwehren;Verb;6
deficere, deficio, defeci, defectum;verlassen, ausgehen;Verb;21
delectare;erfreuen, Freude machen;Verb;16
delere, deleo, delevi, deletum;zerstören, vernichten;Verb;21
deliberare;überlegen;Verb;29
deponere, depono, deposui, depositum;niederlegen, aufgeben;Verb;29
descendere, descendo, descendi, descensum;herabsteigen, hinuntergehen;Verb;12
deserere, desero, deserui, desertum;im Stich lassen, verlassen;Verb;37
desinere, desino, desii, desitum;aufhören;Verb;11
desperare;verzweifeln, die Hoffnung aufgeben;Verb;11
despicere, despicio, despexi, despectum;(auf etw.) herabblicken, verachten;Verb;31
destinare;bestimmen, ausersehen;Verb;19
detegere, detego, detexi, detectum;entdecken;Verb;I 09
dicere, dico, dixi, dictum (Imp. Sg. dic);sagen, sprechen, (m. doppeltem Akk.) nennen;Verb;5
differre, differo, distuli, dilatum ;aufschieben, verschieben, sich unterscheiden;Verb;30
dimittere, dimitto, dimisi, dimissum;wegschicken, freilassen;Verb;16
discedere, discedo, discessi, discessum;weggehen, verschwinden;Verb;21
discere, disco, didici, ‒ ;lernen, in Erfahrung bringen;Verb;33
disserere, dissero, disserui, dissertum;sprechen über, erörtern;Verb;18
docere, doceo, docui, doctum;unterrichten, lehren;Verb;23
donare;(be)schenken;Verb;33
dormire;schlafen;Verb;5
dubitare;zögern, zweifeln;Verb;20
ducere, duco, duxi, ductum (Imp. Sg. duc);führen, ziehen, (m. doppeltem Akk.) halten für, (in Verbindung m. uxorem) heiraten;Verb;17
edere, edo, edidi, editum;verkünden, herausgeben;Verb;12
efferre, effero, extuli, elatum ;heraustragen, herausheben, hervorbringen;Verb;30
efficere, efficio, effeci, effectum ;bewirken, erreichen;Verb;33
effodere, effodio, effodi, effossum;ausstechen, ausgraben;Verb;39
effugere, effugio, effugi, ‒;entfliehen, vermeiden;Verb;22
egredi, egredior, egressus sum ;hinausgehen, verlassen;Verb;40
emere, emo, emi, emptum;kaufen;Verb;8
eripere, eripio, eripui, ereptum;entreißen;Verb;27
errare;(sich) irren, umherirren;Verb;10
esse, sum, fui;sein;Verb;1
excedere, excedo, excessi, excessum;hinausgehen, weggehen;Verb;37
excipere, excipio, excepi, exceptum;aufnehmen, auffangen, eine Ausnahme machen;Verb;39
excitare;(auf)wecken, erregen, ermuntern;Verb;26
exercere, exerceo, exercui, ‒;üben, ausbilden, (be)treiben;Verb;18
exire, exeo, exii, ‒;hinausgehen;Verb;29
existimare;meinen, schätzen;Verb;35
experiri, experior, expertus sum ;erfahren, erleiden, versuchen;Verb;34
explanare;erklären;Verb;17
exponere, expono, exposui, expositum;ausstellen, aussetzen, darlegen;Verb;8
expugnare;erobern, erstürmen;Verb;26
exspectare;warten (auf), erwarten;Verb;1
exstinguere, exstinguo, exstinxi, exstinctum;auslöschen, vernichten;Verb;40
exstruere, exstruo, exstruxi, exstructum;errichten, erbauen;Verb;17
facere, facio, feci, factum (Imp. Sg. fac);machen, (m. doppeltem Akk.) (jmdn.) machen (zu);Verb;23
fallere, fallo, fefelli, ‒;täuschen, betrügen;Verb;26
favere, faveo, favi, fautum (m. Dat.);gewogen sein, (jmdn.) begünstigen;Verb;16
ferre, fero, tuli, latum (Imp. Sg. fer);bringen, tragen, ertragen, berichten;Verb;30
ferunt;man berichtet;Verb;30
fieri, fio, factus sum ;geschehen, werden, gemacht werden;Verb;37
figere, figo, fixi, fixum ;(an)heften, befestigen, auf etw. richten;Verb;34
fingere, fingo, finxi, fictum;formen, gestalten, sich ausdenken, vortäuschen;Verb;25
finire;(be)enden;Verb;25
flere, fleo, flevi, fletum;weinen, beklagen;Verb;12
florere, floreo, florui, ‒;blühen;Verb;I 07
fluere, fluo, fluxi, ‒;fließen;Verb;I 07
frangere, frango, fregi, fractum;(zer)brechen;Verb;14
frui, fruor, ‒ (m. Abl.);(etw.) genießen, sich (an etw.) erfreuen;Verb;36
fugare;in die Flucht schlagen;Verb;32
fugere, fugio, fugi, ‒ (m. Akk.);fliehen (vor), (etw.) meiden;Verb;23
fulgere, fulgeo, fulsi, ‒;glänzen, leuchten, blitzen;Verb;I 07
fundere, fundo, fudi, fusum;(aus)gießen, befeuchten;Verb;16
fungi, fungor, functus sum (m. Abl.);verwalten, ausüben;Verb;39
gaudere, gaudeo, gavisus sum;sich freuen;Verb;2
generare;erzeugen;Verb;I 09
gerere, gero, gessi, gestum ;(aus)führen, tragen;Verb;32
gratus, grata, gratum ;dankbar, willkommen, beliebt;Verb;I 07
habere;haben, halten;Verb;18
horrere, horreo, horrui, ‒ (m. Akk.);erschrecken (vor jmdm./etw.), sich scheuen (etw. zu tun);Verb;9
hortari, hortor, hortatus sum ;auffordern, ermuntern, ermahnen;Verb;34
iacere, iaceo, iacui, ‒;(da)liegen;Verb;1
iactare;schleudern, rühmen;Verb;39
ignorare;nicht wissen, nicht kennen;Verb;11
ignoscere, ignosco, ignovi, ignotum;verzeihen;Verb;30
imitari, imitor, imitatus sum ;nachahmen;Verb;37
impellere, impello, ímpuli, impulsum;(an)stoßen, veranlassen;Verb;40
imperare (m. Dat.);befehlen, herrschen (über);Verb;25
imponere, impono, imposui, impositum;setzen, stellen, legen (an, auf, in), auftragen, bringen;Verb;10
incedere, incedo, incessi, incessum;befallen, einhergehen;Verb;29
incendere, incendo, incendi, incensum;anzünden, entflammen, in Aufregung versetzen;Verb;23
incipere, incipio, coepi, coeptum/inceptum;anfangen, beginnen;Verb;20
incitare;antreiben, anfeuern;Verb;4
indicare;anzeigen, angeben;Verb;34
inducere, induco, induxi, inductum;(hin)einführen, verleiten;Verb;32
inire, ineo, inii, initum ;(hin)eingehen, beginnen;Verb;28
iniungere, iniungo, iniunxi, iniunctum;auferlegen, einfügen, anfügen;Verb;37
inquit;sagt/sagte (er, sie);Verb;22
inspicere, inspicio, inspexi, inspectum (m. Akk.);hineinschauen (in etw.);Verb;32
instare, insto, institi, ‒;drohen, bevorstehen;Verb;21
instituere, instituo, institui, institutum;beginnen, einrichten, unterrichten;Verb;27
intellegere, intellego, intellexi, intellectum;verstehen, erkennen, einsehen;Verb;33
interesse, intersum, interfui (m. Dat.);teilnehmen (an etw.);Verb;20
interficere, interficio, interfeci, interfectum;töten;Verb;24
interrogare   ;(be)fragen;Verb;11
interrumpere, interrumpo, interrupi, interruptum;unterbrechen;Verb;30
intrare;eintreten, betreten;Verb;4
invadere, invado, invasi, invasum;eindringen, angreifen;Verb;5
invenire, invenio, inveni, inventum;(er)finden;Verb;24
invitare;einladen;Verb;18
irasci, irascor, ‒ (m. Dat.);zornig sein (auf jmdn.), in Zorn geraten;Verb;35
ire, eo, ii, itum;gehen;Verb;18
irridere, irrideo, irrisi, irrisum;verspotten, auslachen;Verb;24
iubere, iubeo, iussi, iussum (m. Akk.);(jmdm.) befehlen, (jmdn.) beauftragen;Verb;3
iudicare;(be)urteilen, richten;Verb;15
iurare;schwören;Verb;22
laborare;arbeiten, sich anstrengen, leiden;Verb;10
laedere, laedo, laesi, laesum;verletzen, kränken;Verb;19
latere, lateo, latui, ‒;verborgen sein;Verb;21
laudare;loben, preisen;Verb;I 09
legere, lego, legi, lectum;lesen, sammeln, auswählen;Verb;5
liberare  ;befreien;Verb;16
licere/licet, licuit (m. Dat.);es ist möglich, es ist erlaubt, (jmd.) darf;Verb;12
loqui, loquor, locutus sum ;reden, sprechen;Verb;34
ludere, ludo, lusi, lusum;spielen;Verb;5
mandare;auftragen, übergeben, anvertrauen;Verb;23
manere, maneo, mansi, ‒;bleiben, erwarten;Verb;7
memorare;erwähnen, sagen;Verb;39
merere;verdienen;Verb;35
metuere, metuo, metui, ‒;sich fürchten, befürchten;Verb;22
minuere, minuo, minui, minutum;vermindern, verringern;Verb;31
mittere, mitto, misi, missum;schicken, werfen;Verb;11
monere;erinnern, mahnen, auffordern;Verb;23
morari, moror, moratus sum ;(jmdn.) aufhalten, sich aufhalten;Verb;38
mori, morior, mortuus sum ;sterben;Verb;35
movere, moveo, movi, motum;bewegen, beeinflussen;Verb;12
multiplicare, multiplico, multiplicavi, multiplicatum;vervielfältigen;Verb;I 09
munire;befestigen;Verb;26
mutare;(ver)ändern, verwandeln;Verb;10
narrare;erzählen, berichten;Verb;16
navigare;segeln, mit dem Schiff fahren;Verb;3
necare;töten;Verb;6
negare;leugnen, ablehnen, sagen (, dass nicht …);Verb;11
neglegere, neglego, neglexi, neglectum;nicht (be)achten, vernachlässigen;Verb;27
nescire, nescio, nescivi, ‒;nicht wissen, nicht verstehen;Verb;19
nocere, noceo, nocui, ‒;schaden;Verb;22
nolle, nolo, nolui, ‒;nicht wollen;Verb;19
nominare;nennen;Verb;37
non iam;nicht mehr;Verb;1
nuntiare;melden;Verb;29
observare;beobachten, einhalten, beachten;Verb;35
obsidere, obsideo, obsedi, obsessum;belagern, bedrängen;Verb;28
obtinere, obtineo, obtinui, obtentum;erlangen, behaupten;Verb;24
occidere, óccido, óccidi, ‒ ;untergehen, umkommen;Verb;31
occurrere, occurro, occurri, occursum;entgegenkommen, begegnen;Verb;22
offendere, offendo, offendi, offensum;beleidigen, (an)stoßen;Verb;14
offerre, offero, obtuli, oblatum ;entgegenbringen, anbieten;Verb;34
omittere, omitto, omisi, omissum ;außer Acht lassen, unterlassen;Verb;37
opprimere, opprimo, oppressi, oppressum;überfallen, überwältigen, unterdrücken;Verb;13
oppugnare;angreifen, belagern;Verb;26
orare;beten, (er)bitten;Verb;17
oriri, orior, ortus sum ;entstehen, sich erheben;Verb;38
ornare;schmücken, ausstatten;Verb;33
ostendere, ostendo, ostendi, ‒;zeigen;Verb;19
pacare;unterwerfen;Verb;30
parare;(vor-, zu)bereiten, (m. Inf.) vorhaben;Verb;3
parcere, parco, peperci, ‒ (m. Dat.);(jmdn.) schonen;Verb;25
parere, pareo, parui, ‒;gehorchen;Verb;3
parere, pario, péperi, partum ;erwerben, gewinnen, hervorbringen;Verb;34
patere, pateo, patui, ‒;offenstehen, klar sein;Verb;28
pati, patior, passus sum ;(er)leiden, ertragen, zulassen, geschehen lassen;Verb;34
pellere, pello, pepuli, pulsum;schlagen, stoßen, vertreiben;Verb;25
perferre, perfero, pertuli, perlatum ;ertragen, (über)bringen;Verb;30
perficere, perficio, perfeci, perfectum;ausführen, vollenden;Verb;25
pergere, pergo, perrexi, perrectum;fortfahren, (etw.) weiter (tun);Verb;38
perire, pereo, perii, ‒;zugrunde gehen, umkommen;Verb;18
persequi, persequor, persecutus sum;verfolgen;Verb;39
perspicere, perspicio, perspexi, perspectum;erkennen, genau sehen, durchschauen;Verb;25
persuadere, persuadeo, persuasi, persuasum (m. Dat.);(jmdn.) überzeugen (meist m. AcI), (jmdn.) überreden;Verb;21
perterrere;heftig erschrecken;Verb;40
perturbare;(völlig) verwirren, beunruhigen;Verb;17
pervenire, pervenio, perveni, perventum;hinkommen, ankommen, gelangen;Verb;26
petere, peto, petivi, petitum;bitten, verlangen, angreifen, aufsuchen, gehen/fahren nach;Verb;9
placere;gefallen, Spaß machen;Verb;1
plaudere, plaudo, plausi, plausum;Beifalklatschen, applaudieren;Verb;5
ponere, pono, posui, positum;setzen, stellen, legen;Verb;14
portare;tragen, bringen;Verb;7
poscere, posco, poposci, ‒ ;fordern, verlangen;Verb;20
posse, possum, potui, ‒;können;Verb;20
postulare;fordern;Verb;27
potiri, potior, potitus sum (m. Abl.);(etw.) in seine Gewalt bringen;Verb;34
praebere;(dar)reichen, gewähren;Verb;11
praecipere, praecipio, praecepi, praeceptum;(be)lehren, vorschreiben, anordnen;Verb;36
praecipitare;(jmdn.) hinabstürzen, stoßen, (sich kopfüber) hinabstürzen;Verb;6
praeferre, praefero, praetuli, praelatum;vorziehen;Verb;36
praestare, praesto, praestiti, ‒ ;(m. Dat.) übertreffen, (m. Akk.) leisten;Verb;36
praeterire, praetereo, praeterii, praeteritum;vorbeigehen, vergehen;Verb;39
precari, precor, ‒ ;flehen, (er)bitten;Verb;40
premere, premo, pressi, pressum ;(unter)drücken, bedrängen;Verb;31
privare (m. Abl.);(einer Sache) berauben, (um etw.) bringen;Verb;26
probare;gutheißen, billigen;Verb;21
procedere, procedo, processi, processum;vorrücken, vorankommen;Verb;32
proficisci, proficiscor, profectus sum;aufbrechen, (ab)reisen, abstammen;Verb;35
prohibere;abhalten, hindern;Verb;18
proicere, proicio, proieci, proiectum;(nieder-, vor)werfen;Verb;22
promittere, promitto, promisi, promissum;versprechen;Verb;15
properare;eilen, sich beeilen;Verb;2
protegere, protego, protexi, protectum;schützen;Verb;34
pugnare;kämpfen;Verb;6
putare;glauben, meinen, (m. doppeltem Akk.) halten für;Verb;10
quaerere, quaero, quaesivi, quaesitum;suchen, fragen;Verb;5
quaeso;ich bitte dich, bitte;Verb;16
queri, queror, questus sum ;klagen, sich beklagen;Verb;39
quiescere, quiesco, quievi, ‒;(aus)ruhen, schlafen;Verb;28
rapere, rapio, rapui, raptum;(an sich, weg)reißen, rauben;Verb;26
recipere, recipio, recepi, receptum;aufnehmen, zurücknehmen;Verb;22
recitare;vortragen, vorlesen;Verb;31
recreare;wiederherstellen;Verb;32
recusare;verweigern, sich weigern;Verb;19
reddere, reddo, reddidi, redditum;zurückgeben, (m. doppeltem Akk.) (etw.) … machen;Verb;22
redire, redeo, redii, reditum;zurückgehen, zurückkehren;Verb;18
reducere, reduco, reduxi, reductum;zurückführen, zurückbringen;Verb;13
referre, refero, rettuli, relatum ;(zurück)bringen, berichten;Verb;30
regere, rego, rexi, rectum;(be)herrschen;Verb;23
relinquere, relinquo, reliqui, relictum;zurücklassen, verlassen;Verb;21
repellere, repello, réppuli, repulsum;zurückstoßen, vertreiben;Verb;40
reperire, reperio, répperi, repertum;finden, wiederfinden;Verb;32
repetere, repeto, repetivi, repetitum;wiederholen, zurückverlangen;Verb;38
respicere, respicio, respexi, respectum;denken an, berücksichtigen;Verb;23
respondere, respondeo, respondi, responsum;antworten, entgegnen;Verb;3
restare, resto, restiti, ‒;übrig sein, übrig bleiben, überleben;Verb;12
retinere, retineo, retinui, retentum ;behalten, festhalten, zurückhalten;Verb;39
reverti, revertor, reverti, reversus ;zurückkehren;Verb;37
ridere, rideo, risi, risum;lachen;Verb;2
rogare, rogo;fragen, bitten;Verb;3
ruere, ruo, rui, ‒ (in m. Akk.);(auf jmdn.) losstürmen, einstürzen;Verb;26
rumpere, rumpo, rupi, ruptum ;(zer)brechen;Verb;29
sacrificare;opfern;Verb;10
salutare;(be)grüßen;Verb;2
scire;wissen, verstehen;Verb;14
scribere, scribo, scripsi, scriptum;schreiben;Verb;13
sedere, sedeo, sedi, sessum;(da)sitzen;Verb;4
sentire, sentio, sensi, sensum;fühlen, merken, meinen;Verb;14
sequi, sequor, secutus sum (m. Akk.);(jmdm.) folgen;Verb;35
servare;retten, bewahren;Verb;11
servire, servio, ‒, ‒ ;Sklave sein, dienen;Verb;38
simulare;vortäuschen, so tun, als ob;Verb;19
solere, soleo, solitus sum;gewohnt sein, (etw.) normalerweise (tun);Verb;5
sollicitare;beunruhigen, aufwiegeln;Verb;13
solvere, solvo, solvi, solutum ;(auf)lösen, bezahlen;Verb;36
spargere, spargo, sparsi, sparsum;bespritzen, verbreiten;Verb;16
spectare;(an)schauen, betrachten;Verb;7
sperare;(er)hoffen, erwarten;Verb;8
spirare;(aus)atmen;Verb;38
stare, sto, steti, statum;(da)stehen;Verb;1
statuere, statuo, statui, statutum;beschließen, entscheiden, aufstellen, festsetzen;Verb;10
stringere, stringo, strinxi, strictum;ziehen;Verb;22
studere, studeo, studui, ‒  (m. Dat.);sich bemühen (um), wollen, sich bilden;Verb;9
suadere, suadeo, suasi, suasum ;raten, zureden;Verb;31
subire, subeo, subii, subitum;auf sich nehmen, herangehen;Verb;33
succedere, succedo, successi, successum;anrücken (gegen), (nach)folgen;Verb;26
sumere, sumo, sumpsi, sumptum;nehmen;Verb;5
superare;(be)siegen, übertreffen;Verb;6
surgere, surgo, surrexi, surrectum;aufstehen, sich erheben;Verb;14
suscipere, suscipio, suscepi, susceptum;unternehmen, sich (einer Sache) annehmen, auf sich nehmen;Verb;29
sustinere, sustineo, sustinui, ‒;aushalten, ertragen;Verb;13
tacere, taceo, tacui, ‒;schweigen, stilsein;Verb;1
tangere, tango, tétigi, tactum;berühren;Verb;12
tegere, tego, texi, tectum ;bedecken, schützen;Verb;40
temptare;prüfen, versuchen, angreifen;Verb;26
tendere, tendo, tetendi, tentum ;(aus)strecken, spannen;Verb;30
tenere, teneo, tenui, ‒;(zurück)halten, behalten;Verb;3
terrere, terreo, terrui;(jmdn.) erschrecken;Verb;12
timere, timeo, timui, ‒;(sich) fürchten, Angst haben (vor);Verb;2
tolerare;ertragen, erhalten;Verb;37
tollere, tollo, sústuli, sublatum;hochheben, beseitigen, vernichten, entfernen;Verb;14
tradere, trado, tradidi, traditum;übergeben, ausliefern, überliefern;Verb;17
trahere, traho, traxi, tractum;ziehen, schleppen;Verb;11
traicere, traicio, traieci, traiectum;hinüberbringen, übersetzen;Verb;27
transire, transeo, transii, transitum;überschreiten, herüberkommen;Verb;18
tribuere, tribuo, tribui, tributum ;zuteilen, schenken, erweisen;Verb;33
uti, utor, usus sum (m. Abl.);(etw.) benutzen, gebrauchen;Verb;35
vacare (m. Abl.);frei sein (von), (etw.) nicht haben;Verb;8
valere, valeo, valui, ‒;gesund sein, Einfluss haben;Verb;8
velle, volo, volui, ‒;wollen;Verb;19
vendere, vendo, vendidi, venditum;verkaufen;Verb;13
venire, venio, veni, ventum;kommen;Verb;1
verberare;schlagen;Verb;39
vereri, vereor, veritus sum;fürchten, sich scheuen, verehren;Verb;34
versari, versor, versatus sum ;sich aufhalten, sich beschäftigen;Verb;36
vertere, verto, verti, versum;wenden, drehen, verwandeln;Verb;12
videre, video, vidi, visum;sehen;Verb;4
videtur/videntur (m. Inf.);er, sie, es scheint/sie scheinen (etw. zu tun);Verb;35
vincere, vinco, vici, victum ;(be)siegen, übertreffen;Verb;32
vindicare;beanspruchen;Verb;15
vitare;(ver)meiden;Verb;23
vivere, vivo, vixi, ‒;leben;Verb;11
vocare;rufen, nennen;Verb;3
volare;fliegen;Verb;I 07
volvere, volvo, volvi, volutum ;rollen, wälzen, überlegen;Verb;28
ave!;sei gegrüßt!;Verb, formelhaft;4
salve!/salvete!;sei/seid gegrüßt!, hallo!;Verb, formelhaft;2
vale!/valete!;leb/lebt wohl!;Verb, formelhaft;13
(m. Dat.) opus est (m. Abl.);es ist nötig, (jmd.) braucht (etw.);Verb, unpersönlich;24
decere/decet, decuit (m. Akk.);(etw.) ist angemessen (für), passt (zu);Verb, unpersönlich;38
dicitur/dicuntur (m. Inf.);man sagt, dass er, sie, es/sie (etw. tut / tun), er, sie, es soll/sie sollen (etw. tun);Verb, unpersönlich;35
necesse est;es ist notwendig;Verb, unpersönlich;27
oportere/oportet, oportuit ;es ist nötig, es gehört sich, es ist angebracht;Verb, unpersönlich;30
id agere, ut ;sich dafür einsetzen/alles darauf anlegen, dass;Verb, Wendung;28
repetere memoriam (m. Gen.);sich wieder erinnern (an);Verb, Wendung;38
se continere;sich aufhalten;Verb, Wendung;32
se fingere;sich … stellen;Verb, Wendung;25
se praebere;sich zeigen, sich erweisen als;Verb, Wendung;15
vitam agere;sein Leben verbringen;Verb, Wendung;9
